date,open,high,low,close,volume
2022-09-02,281.0650,282.3500,269.0800,270.2100,50890090
2022-09-01,272.5750,277.5800,266.1500,277.1600,54287024
2022-08-31,280.6200,281.2500,271.8100,275.6100,52107337
2022-08-30,287.8650,288.4800,272.6500,277.7000,50541759
2022-08-29,282.8300,287.7400,280.7000,284.8200,41548729
2022-08-26,297.4300,302.0000,287.4700,288.0900,57163947
2022-08-25,302.3600,302.9600,291.6000,296.0700,52827378
2022-08-24,892.6900,910.9400,889.5000,891.2900,19086572
2022-08-23,874.3600,896.4799,863.7700,889.3600,21328348
2022-08-22,875.7400,877.2000,858.8900,869.7400,18614449
2022-08-19,897.0000,901.0800,877.5000,890.0000,20465129
2022-08-18,918.0000,919.5000,905.5600,908.6100,15833512
2022-08-17,910.1900,928.9700,900.1000,911.9900,22921990
2022-08-16,935.0000,944.0000,908.6500,919.6900,29378774
2022-08-15,905.3600,939.4000,903.6900,927.9600,29786389
2022-08-12,868.2450,900.4800,855.1000,900.0900,26552429
2022-08-11,889.5400,894.7100,857.5000,859.8900,23385015
2022-08-10,891.2000,892.5300,850.1100,883.0700,31639624
2022-08-09,870.8800,877.1900,838.0600,850.0000,28748227
2022-08-08,885.0000,915.6000,867.2562,871.2700,33121758
2022-08-05,908.0100,913.8199,856.6340,864.5100,37724299
2022-08-04,933.0000,940.8200,915.0000,925.9000,24085439
2022-08-03,915.0000,928.6500,903.4500,922.1900,26697035
2022-08-02,882.0100,923.5000,878.0000,901.7600,31859156
2022-08-01,903.8250,935.6347,885.0000,891.8300,39014296
2022-07-29,842.1000,894.9600,837.3000,891.4500,31770961
2022-07-28,840.2000,849.9000,818.4000,842.7000,28240997
2022-07-27,791.4300,827.7768,785.3701,824.4600,29369996
2022-07-26,799.5400,801.9299,768.7900,776.5800,22273586
2022-07-25,816.6500,822.4400,802.2000,805.3000,21357835
2022-07-22,828.6600,842.3600,812.1400,816.7300,34490949
2022-07-21,765.3200,819.8000,764.6000,815.1200,47344059
2022-07-20,740.3500,751.9900,730.4490,742.5000,29621363
2022-07-19,735.0000,741.4200,710.9300,736.5900,26963370
2022-07-18,734.8100,751.5500,718.8100,721.6400,27512476
2022-07-15,720.0000,730.8699,710.6700,720.2000,23227673
2022-07-14,704.6900,715.9600,688.0000,714.9400,26185833
2022-07-13,676.5000,726.1799,675.1000,711.1200,32651499
2022-07-12,710.5400,719.3200,685.1050,699.2100,29310320
2022-07-11,756.3100,759.1900,700.8800,703.0300,33169740
2022-07-08,727.0000,764.9399,723.4843,752.2900,33951362
2022-07-07,701.7600,736.0850,696.6300,733.6300,27310230
2022-07-06,692.3400,703.6900,681.5600,695.2000,23951210
2022-07-05,669.0000,699.4400,648.5001,699.2000,28259704
2022-07-01,681.0000,690.6900,666.3601,681.7900,24820148
2022-06-30,673.5300,688.3700,656.5900,673.4200,31533484
2022-06-29,691.5000,693.5200,666.8200,685.4700,27632418
2022-06-28,733.4500,749.9100,697.0300,697.9900,30222167
2022-06-27,748.1000,756.2100,727.6966,734.7600,29726104
2022-06-24,712.4050,738.2000,708.2600,737.1200,31923565
2022-06-23,713.7150,717.9500,685.9100,705.2100,34734226
2022-06-22,703.5100,740.5000,701.4800,708.2600,33842420
2022-06-21,673.8100,730.7321,673.0000,711.1100,40930985
2022-06-17,640.3000,662.9082,639.5900,650.2800,30880590
2022-06-16,668.2100,675.5000,626.0800,639.3000,35796900
2022-06-15,662.7500,706.9899,654.4500,699.0000,39710645
2022-06-14,654.8600,678.9900,635.2100,662.6700,32662932
2022-06-13,669.5000,679.9000,644.0500,647.2100,34255754
2022-06-10,705.4700,718.5000,683.7400,696.6900,32696966
2022-06-09,748.0200,766.6399,717.9800,719.1200,32163769
2022-06-08,720.2600,749.8900,717.5300,725.6000,25403540
2022-06-07,702.0000,719.9900,690.2800,716.6600,24269534
2022-06-06,733.0600,734.6000,703.0500,714.8400,28068174
2022-06-03,729.6750,743.3899,700.2534,703.5500,37464579
2022-06-02,732.4700,792.6300,726.2000,775.0000,31157706
2022-06-01,755.1600,771.9800,730.9200,740.3700,25749321
2022-05-31,773.8400,778.8000,734.2300,758.2600,33971457
2022-05-27,723.2500,759.8000,720.5311,759.6300,29764994
2022-05-26,661.4200,718.6699,653.6600,707.7300,35334448
2022-05-25,623.8500,669.3200,623.0101,658.8000,30713108
2022-05-24,653.5300,653.9200,620.5700,628.1600,29697505
2022-05-23,655.0200,679.9551,638.0600,674.9000,29634546
2022-05-20,713.9900,721.5820,633.0000,663.9000,48324435
2022-05-19,707.0000,734.0000,694.1100,709.4200,30098891
2022-05-18,744.5200,760.5000,700.8100,709.8100,29270604
2022-05-17,747.3600,764.4800,728.8500,761.6100,26745370
2022-05-16,767.1600,769.7600,719.0885,724.3700,28699513
2022-05-13,773.4800,787.3499,751.5650,769.5900,30716908
2022-05-12,701.0000,759.6600,680.0000,728.0000,46770954
2022-05-11,795.0000,809.7700,727.2000,734.0000,32408153
2022-05-10,819.3100,825.3600,774.2500,800.0400,28133877
2022-05-09,836.4500,845.6300,781.1500,787.1100,30270074
2022-05-06,887.0000,888.0000,843.1050,865.6500,24301037
2022-05-05,939.2100,945.6000,857.7000,873.2800,30839731
2022-05-04,903.9400,955.5000,885.2800,952.6200,27039655
2022-05-03,903.1800,924.0800,888.5900,909.2500,21236525
2022-05-02,860.7700,906.3599,848.0300,902.9400,25260457
2022-04-29,902.2500,934.3999,870.0000,870.7600,29377665
2022-04-28,899.9800,900.0000,821.7000,877.5100,41649509
2022-04-27,898.5800,918.0000,877.3600,881.5100,25652132
2022-04-26,995.4300,1000.0000,875.0000,876.4200,44694524
2022-04-25,978.9700,1008.6200,975.3000,998.0200,22780445
2022-04-22,1014.9100,1034.8500,994.0001,1005.0500,23232186
2022-04-21,1074.7300,1092.2200,996.4150,1008.7800,35138779
2022-04-20,1030.0000,1034.0000,975.2501,977.2000,21616141
2022-04-19,1005.0600,1034.9400,995.3250,1028.1500,16615944
2022-04-18,989.0300,1014.9200,973.4100,1004.2900,17238407
2022-04-14,999.2900,1012.7099,982.1900,985.0000,19474135
2022-04-13,981.0750,1026.2400,973.0970,1022.3700,18373737
2022-04-12,997.6400,1021.1921,976.6001,986.9500,21992032
2022-04-11,980.4000,1008.4681,974.6400,975.9300,19785735
2022-04-08,1043.2100,1048.4400,1022.4350,1025.4900,18337896
2022-04-07,1052.3900,1076.5900,1021.5401,1057.2600,26482353
2022-04-06,1073.4700,1079.0000,1027.7000,1045.7600,29782845
2022-04-05,1136.3000,1152.8700,1087.3000,1091.2600,26192187
2022-04-04,1089.3800,1149.9100,1072.5300,1145.4500,27392567
2022-04-01,1081.1500,1094.7500,1066.6400,1084.5900,18087741
2022-03-31,1094.5700,1103.1399,1076.6410,1077.6000,16330919
2022-03-30,1091.1700,1113.9500,1084.0000,1093.9900,19955002
2022-03-29,1107.9900,1114.7700,1073.1100,1099.5700,24538273
2022-03-28,1065.1000,1097.8799,1053.6000,1091.8400,34168693
2022-03-25,1008.0000,1021.7999,997.3201,1010.6400,20496893
2022-03-24,1009.7300,1024.4900,988.8000,1013.9200,22973626
2022-03-23,979.9400,1040.7000,976.4000,999.1100,40225383
2022-03-22,930.0000,997.8600,921.7500,993.9800,34882278
2022-03-21,914.9800,942.8500,907.0900,921.1600,26640958
2022-03-18,874.4900,907.8500,867.3900,905.3900,33443159
2022-03-17,830.9900,875.0000,825.7178,871.6000,22194324
2022-03-16,809.0000,842.0000,802.2601,840.2300,28009607
2022-03-15,775.2700,805.5700,756.5700,801.8900,22280381
2022-03-14,780.6100,800.7000,756.0400,766.3700,23717421
2022-03-11,840.1970,843.8020,793.7700,795.3500,22345722
2022-03-10,851.4500,854.4500,810.3601,838.3000,19549548
2022-03-09,839.4800,860.5600,832.0100,858.9700,19727993
2022-03-08,795.5300,849.9900,782.1700,824.4000,26799702
2022-03-07,856.3000,866.1400,804.5700,804.5800,24164724
2022-03-04,849.1000,855.6500,825.1609,838.2900,22393287
2022-03-03,878.7700,886.4390,832.6001,839.2900,20541169
2022-03-02,872.1300,886.4800,844.2721,879.8900,24881146
2022-03-01,869.6800,889.8800,853.7800,864.3700,24922287
2022-02-28,815.0100,876.8600,814.7075,870.4300,33002289
2022-02-25,809.2300,819.5000,782.4005,809.8700,25355921
2022-02-24,700.3900,802.4800,700.0000,800.7700,45107425
2022-02-23,830.4300,835.2997,760.5600,764.0400,31752336
2022-02-22,834.1300,856.7338,801.1001,821.5300,27387874
2022-02-18,886.0000,886.8700,837.6100,856.9800,22833947
2022-02-17,913.2600,918.4999,874.1000,876.3500,18392806
2022-02-16,914.0500,926.4299,901.2100,923.3900,17098132
2022-02-15,900.0000,923.0000,893.3774,922.4300,19216514
2022-02-14,861.5700,898.8799,853.1500,875.7600,22585472
2022-02-11,909.6300,915.9600,850.7000,860.0000,26548623
2022-02-10,908.3700,943.8100,896.7000,904.5500,22042277
2022-02-09,935.0000,946.2699,920.0000,932.0000,17419848
2022-02-08,905.5300,926.2899,894.8000,922.0000,16909671
2022-02-07,923.7900,947.7700,902.7089,907.3400,20331488
2022-02-04,897.2200,936.5000,881.1700,923.3200,24541822
2022-02-03,882.0000,937.0000,880.5200,891.1400,26285186
2022-02-02,928.1800,931.5000,889.4100,905.6600,22264345
2022-02-01,935.2100,943.7000,905.0000,931.2500,24379446
2022-01-31,872.7100,937.9900,862.0500,936.7200,34812032
2022-01-28,831.5600,857.5000,792.0100,846.3500,44929650
2022-01-27,933.3600,935.3900,829.0000,829.1000,49036523
2022-01-26,952.4300,987.6900,906.0000,937.4100,34955761
2022-01-25,914.2000,951.2600,903.2100,918.4000,28865302
2022-01-24,904.7600,933.5131,851.4700,930.0000,50791714
2022-01-21,996.3400,1004.5500,940.5000,943.9000,34472009
2022-01-20,1009.7300,1041.6600,994.0000,996.2700,23496248
2022-01-19,1041.7050,1054.6699,995.0000,995.6500,24870215
2022-01-18,1026.6050,1070.7899,1016.0600,1030.5100,22158412
2022-01-14,1019.8800,1052.0000,1013.3788,1049.6100,24308137
2022-01-13,1109.0650,1115.6000,1026.5391,1031.5600,32403264
2022-01-12,1078.8500,1114.8400,1072.5901,1106.2200,27913005
2022-01-11,1053.6700,1075.8500,1038.8200,1064.4000,21593308
2022-01-10,1000.0000,1059.1000,980.0000,1058.1200,30604959
2022-01-07,1080.3700,1080.9299,1010.0000,1026.9600,28054916
2022-01-06,1077.0000,1088.0000,1020.5000,1064.7000,30112158
2022-01-05,1146.6500,1170.3400,1081.0101,1088.1200,26706599
2022-01-04,1189.5500,1208.0000,1123.0500,1149.5900,33416086
2022-01-03,1147.7500,1201.0700,1136.0400,1199.7800,34895349
2021-12-31,1073.4444,1081.9999,1054.5900,1056.7800,13466216
2021-12-30,1061.3300,1095.5500,1053.1500,1070.3400,15680313
2021-12-29,1098.6400,1104.0000,1064.1400,1086.1900,18718015
2021-12-28,1109.4900,1118.9999,1078.4200,1088.4700,20107969
2021-12-27,1073.6700,1117.0000,1070.7152,1093.9400,23715273
2021-12-23,1006.8000,1072.9767,997.5600,1067.0000,30904429
2021-12-22,965.6600,1015.6599,957.0500,1008.8700,31211362
2021-12-21,916.8700,939.5000,886.1200,938.5300,23839305
2021-12-20,910.7000,921.6884,893.3900,899.9400,18826671
2021-12-17,914.7700,960.6599,909.0401,932.5700,33626754
2021-12-16,994.5000,994.9800,921.8500,926.9200,27590483
2021-12-15,953.2100,978.7499,928.2501,975.9900,25056410
2021-12-14,945.0000,966.4100,930.0000,958.5100,23602090
2021-12-13,1001.0900,1005.0000,951.4200,966.4100,26198502
2021-12-10,1008.7500,1020.9797,982.5300,1017.0300,19888122
2021-12-09,1060.6400,1062.4900,1002.3600,1003.8000,19812832
2021-12-08,1052.7100,1072.3800,1033.0001,1068.9600,13968790
2021-12-07,1044.2000,1057.6739,1026.8100,1051.7500,18694857
2021-12-06,1001.5100,1021.6400,950.5000,1009.0100,27221037
2021-12-03,1084.7900,1090.5753,1000.2100,1014.9700,30773995
2021-12-02,1099.0600,1113.0000,1056.6500,1084.6000,24371623
2021-12-01,1160.6950,1172.8399,1090.7600,1095.0000,22934698
2021-11-30,1144.3700,1168.0000,1118.0000,1144.7600,27092038
2021-11-29,1100.9900,1142.6700,1100.1900,1136.9900,19464467
2021-11-26,1099.4700,1108.7827,1081.0000,1081.9200,11680890
2021-11-24,1080.3900,1132.7700,1062.0000,1116.0000,22560238
2021-11-23,1167.5100,1180.4999,1062.7000,1109.0300,36171700
2021-11-22,1162.3300,1201.9500,1132.4300,1156.8700,33072509
2021-11-19,1098.8700,1138.7199,1092.7000,1137.0600,21642258
2021-11-18,1106.5500,1112.0000,1075.0200,1096.3800,20898930
2021-11-17,1063.5100,1119.6400,1055.5000,1089.0100,31445365
2021-11-16,1003.3100,1057.1999,1002.1800,1054.7300,26542359
2021-11-15,1017.6300,1031.9800,978.6000,1013.3900,34775649
2021-11-12,1047.5000,1054.5000,1019.2000,1033.4200,25147852
2021-11-11,1102.7700,1104.9700,1054.6800,1063.5100,22396568
2021-11-10,1010.4100,1078.1000,987.3100,1067.9500,42802722
2021-11-09,1173.6000,1174.5000,1011.5200,1023.5000,58525547
2021-11-08,1149.7850,1197.0000,1133.0000,1162.9400,33445715
2021-11-05,1228.0000,1239.8700,1208.0000,1222.0900,21628812
2021-11-04,1234.4100,1243.4900,1217.0000,1229.9100,25397410
2021-11-03,1177.3300,1215.3900,1152.6200,1213.8600,34628519
2021-11-02,1159.3550,1208.5900,1146.0000,1172.0000,42450935
2021-11-01,1145.0000,1209.7500,1118.6600,1208.5900,54868952
2021-10-29,1081.8600,1115.2100,1073.2050,1114.0000,29918417
2021-10-28,1068.3050,1081.0000,1054.2000,1077.0400,27213173
2021-10-27,1039.6600,1070.8800,1030.7800,1037.8600,38526459
2021-10-26,1024.6900,1094.9400,1001.4400,1018.4300,62414968
2021-10-25,950.5300,1045.0200,944.2000,1024.8600,62852099
2021-10-22,895.5000,910.0000,890.9600,909.6800,22880835
2021-10-21,856.0000,900.0000,855.5046,894.0000,31481454
2021-10-20,865.3500,869.4900,857.3800,865.8000,14032052
2021-10-19,877.5300,877.9500,862.5100,864.2700,17381128
2021-10-18,851.7900,875.2600,851.4700,870.1100,24207244
2021-10-15,823.7384,843.2100,822.3500,843.0300,18924567
2021-10-14,815.4900,820.2500,813.3501,818.3200,12247170
2021-10-13,810.4700,815.4100,805.7800,811.0800,14120075
2021-10-12,800.9300,812.3200,796.5700,805.7200,22020040
2021-10-11,787.6500,801.2400,785.5000,791.9400,14200322
2021-10-08,796.2100,796.3800,780.9100,785.4900,16738604
2021-10-07,785.4600,805.0000,783.3800,793.6100,19195782
2021-10-06,776.2000,786.6600,773.2200,782.7500,14632768
2021-10-05,784.7962,797.3100,774.2000,780.5900,18432625
2021-10-04,796.5000,806.9699,776.1200,781.5300,30483341
2021-10-01,778.4000,780.7800,763.5900,775.2200,17031414
2021-09-30,781.0000,789.1305,775.0000,775.4800,17955961
2021-09-29,779.8000,793.5000,770.6800,781.3100,20942877
2021-09-28,787.2000,795.6400,766.1801,777.5600,25381422
2021-09-27,773.1200,799.0000,769.3100,791.3600,28070657
2021-09-24,745.8900,774.8000,744.5600,774.3900,21373022
2021-09-23,755.0000,758.2000,747.9200,753.6400,11947527
2021-09-22,743.5263,753.6699,739.1200,751.9400,15126272
2021-09-21,734.7900,744.7399,730.4400,739.3800,16330723
2021-09-20,734.5577,742.0000,718.6249,730.1700,24757652
2021-09-17,757.1500,761.0400,750.0000,759.4900,28204176
2021-09-16,752.8300,758.9100,747.6100,756.9900,13923393
2021-09-15,745.0000,756.8600,738.3600,755.8300,15357685
2021-09-14,742.5700,754.4700,736.4000,744.4900,18524881
2021-09-13,740.2143,744.7800,708.8500,743.0000,22952482
2021-09-10,759.6000,762.6100,734.5201,736.2700,15184170
2021-09-09,753.4100,762.1000,751.6301,754.8600,14077731
2021-09-08,761.5800,764.4500,740.7733,753.8700,18793036
2021-09-07,740.0000,760.2000,739.2600,752.9200,20039825
2021-09-03,732.2494,734.0000,724.2000,733.5700,15271045
2021-09-02,734.5000,740.9700,730.5400,732.3900,12796739
2021-09-01,734.0800,741.9900,731.2701,734.0900,13204335
2021-08-31,733.0000,740.3900,726.4400,735.7200,20855436
2021-08-30,714.7150,731.0000,712.7300,730.9100,18604220
2021-08-27,705.0000,715.0000,702.1001,711.9200,13833763
2021-08-26,708.3100,715.4000,697.6201,701.1600,13214292
2021-08-25,707.0300,716.9700,704.0000,711.2000,12645562
2021-08-24,710.6800,715.2200,702.6400,708.4900,13083071
2021-08-23,685.4420,712.1299,680.7505,706.3000,20264859
2021-08-20,682.8500,692.1299,673.7000,680.2600,14841865
2021-08-19,678.2100,686.5500,667.5900,673.4700,14313486
2021-08-18,669.7479,695.7700,669.3500,688.9900,20349375
2021-08-17,672.6600,674.5800,648.8400,665.7100,23721279
2021-08-16,705.0700,709.5000,676.4000,686.1700,23103303
2021-08-13,723.7100,729.9000,714.3400,717.1700,16671844
2021-08-12,706.3400,722.8000,699.4000,722.2500,17681686
2021-08-11,712.7100,715.1800,704.2100,707.8200,9800558
2021-08-10,713.9900,716.5900,701.8800,709.9900,13432305
2021-08-09,710.1700,719.0300,705.1300,713.7600,14715349
2021-08-06,711.9000,716.3300,697.6300,699.1000,15623049
2021-08-05,716.0000,720.9499,711.4100,714.6300,12919637
2021-08-04,711.0000,724.9000,708.9300,710.9200,17002647
2021-08-03,719.0000,722.6500,701.0100,709.7400,21620253
2021-08-02,700.0000,726.9400,698.4000,709.6700,33615765
2021-07-30,671.7580,697.5300,669.0000,687.2000,29656411
2021-07-29,649.7900,683.6900,648.8000,677.3500,29688446
2021-07-28,646.9950,654.9699,639.4001,646.9800,16006596
2021-07-27,663.4000,666.5000,627.2400,644.7800,32813290
2021-07-26,650.9700,668.1999,647.1100,657.6200,25336556
2021-07-23,646.3600,648.8000,637.3001,643.3800,14604944
2021-07-22,656.4428,662.1700,644.6001,649.2600,15105727
2021-07-21,659.6100,664.8599,650.2901,655.2900,13953338
2021-07-20,651.9900,662.3916,640.5010,660.5000,15487127
2021-07-19,629.8900,647.1999,621.2900,646.2200,21297090
2021-07-16,654.6800,656.6999,642.2000,644.2200,16370970
2021-07-15,658.3900,666.1400,637.8800,650.6000,20209571
2021-07-14,670.7500,678.6099,652.8400,653.3800,21641190
2021-07-13,686.3200,693.2800,666.2958,668.5400,20966092
2021-07-12,662.2000,687.2400,662.1610,685.7000,25927042
2021-07-09,653.1850,658.9100,644.6900,656.9500,18140548
2021-07-08,628.3700,654.4300,620.4600,652.8100,22773316
2021-07-07,664.2700,665.7000,638.3200,644.6500,18791960
2021-07-06,681.7115,684.0000,651.4002,659.5800,23284450
2021-07-02,678.9800,700.0000,673.2600,678.9000,27097374
2021-07-01,683.9200,687.9900,672.8000,677.9200,18634522
2021-06-30,679.7700,692.8100,678.1400,679.7000,18924862
2021-06-29,684.6500,687.5099,675.8900,680.7600,17381313
2021-06-28,671.6400,694.6999,670.3200,688.7200,21628159
2021-06-25,689.5800,693.8100,668.7000,671.8700,32496707
2021-06-24,674.9900,697.6200,667.6100,679.8200,45982386
2021-06-23,632.0000,657.2040,630.0400,656.5700,31099228
2021-06-22,618.2500,628.5693,615.5000,623.7100,19158892
2021-06-21,624.4800,631.3900,608.8800,620.8300,24812741
2021-06-18,613.3700,628.3500,611.8000,623.3100,24560905
2021-06-17,601.8878,621.4700,601.3400,616.6000,22701350
2021-06-16,597.5350,608.5000,593.5000,604.8700,21845739
2021-06-15,616.6900,616.7900,598.2300,599.3600,17764145
2021-06-14,612.2300,625.4900,609.1800,617.6900,20423983
2021-06-11,610.2300,612.5600,601.5200,609.8900,16205303
2021-06-10,603.8800,616.5900,600.5000,610.1200,23919606
2021-06-09,602.1700,611.7900,597.6301,598.7800,16584566
2021-06-08,623.0100,623.0900,595.5000,603.5900,26053405
2021-06-07,591.8250,610.0000,582.8800,605.1300,22543682
2021-06-04,579.7100,600.6100,577.2000,599.0500,24036896
2021-06-03,601.8000,604.5500,571.2200,572.8400,30111893
2021-06-02,620.1300,623.3600,599.1400,605.1200,23302779
2021-06-01,627.8000,633.8000,620.5500,623.9000,18084890
2021-05-28,628.5000,635.5900,622.3800,625.2200,22737038
2021-05-27,620.2400,631.1300,616.2100,630.8500,26370593
2021-05-26,607.5600,626.1700,601.5000,619.1300,28639305
2021-05-25,607.3100,613.9900,595.7100,604.6900,28005933
2021-05-24,581.6000,614.4800,573.6500,606.4400,34558089
2021-05-21,596.1100,596.6800,580.0000,580.8800,26030595
2021-05-20,575.0000,588.8500,571.0700,586.7800,30821119
2021-05-19,552.5500,566.2100,546.9800,563.4600,39578395
2021-05-18,568.0000,596.2500,563.3800,577.8700,36830567
2021-05-17,575.5531,589.7300,561.2000,576.8300,32390360
2021-05-14,583.4100,592.8700,570.4600,589.7400,33370856
2021-05-13,601.5450,606.4599,559.6500,571.6900,44184916
2021-05-12,602.4900,620.4100,586.7650,589.8900,33823646
2021-05-11,599.2400,627.0999,595.6000,617.2000,46503896
2021-05-10,664.9000,665.0500,627.6101,629.0400,31392417
2021-05-07,665.8000,690.0000,660.2200,672.3700,23469172
2021-05-06,680.7600,681.0200,650.0000,663.5400,27784619
2021-05-05,681.0600,685.2955,667.3400,670.9400,21901894
2021-05-04,678.9400,683.4464,657.7010,673.6000,29739319
2021-05-03,703.8000,706.0000,680.5000,684.9000,27043143
2021-04-30,667.5900,715.4700,666.1400,709.4400,40758722
2021-04-29,699.5100,702.2500,668.5002,677.0000,28845449
2021-04-28,696.4100,708.5000,693.6000,694.4000,22271047
2021-04-27,717.9600,724.0000,703.3501,704.7400,29436995
2021-04-26,741.0000,749.3000,732.6053,738.2000,31038502
2021-04-23,719.8000,737.3600,715.4600,729.4000,28413889
2021-04-22,741.5000,753.7700,718.0400,719.6900,35590255
2021-04-21,704.7700,744.8400,698.0000,744.1200,31215514
2021-04-20,717.4200,737.2500,710.6850,718.9900,35609038
2021-04-19,719.6000,725.4000,691.8001,714.6300,39686226
2021-04-16,728.6500,749.4100,724.6000,739.7800,27979526
2021-04-15,743.1000,743.6900,721.3100,738.8500,27848900
2021-04-14,770.7000,780.7900,728.0300,732.2300,49017434
2021-04-13,712.7000,763.0000,710.6600,762.3200,44652808
2021-04-12,685.7000,704.8000,682.0900,701.9800,29135670
2021-04-09,677.7700,680.9700,669.4300,677.0200,21437087
2021-04-08,677.3800,689.5499,671.6450,683.8000,23924329
2021-04-07,687.0000,691.3800,667.8400,670.9700,26309433
2021-04-06,690.3000,696.5500,681.3700,691.6200,28271839
2021-04-05,707.7100,708.1600,684.7000,691.0500,41842767
2021-04-01,688.3700,692.4203,659.4200,661.7500,35298378
2021-03-31,646.6200,672.0000,641.1100,667.9300,33337288
2021-03-30,601.7500,637.6600,591.0100,635.6200,39432359
2021-03-29,615.6400,616.4800,596.0200,611.2900,28636985
2021-03-26,641.8700,643.8200,599.8900,618.7100,33852827
2021-03-25,613.0000,645.5000,609.5000,640.3900,39224850
2021-03-24,667.9100,668.0200,630.1100,630.2700,33795174
2021-03-23,675.7700,677.8000,657.5100,662.1600,30491870
2021-03-22,684.5900,699.6200,668.7500,670.0000,39512221
2021-03-19,646.6000,657.2300,624.6201,654.8700,42893978
2021-03-18,684.2900,689.2300,652.0000,653.1600,33369022
2021-03-17,656.8700,703.7300,651.0100,701.8100,40372453
2021-03-16,703.3500,707.9200,671.0000,676.8800,32195672
2021-03-15,694.0900,713.1800,684.0400,707.9400,29423479
2021-03-12,670.0000,694.8800,666.1394,693.7300,33583840
2021-03-11,699.4000,702.5000,677.1800,699.6000,36253892
2021-03-10,700.3000,717.8500,655.0600,668.0600,60605672
2021-03-09,608.1800,678.0900,595.2100,673.5800,67523328
2021-03-08,600.5500,620.1250,558.7900,563.0000,51786958
2021-03-05,626.0600,627.8419,539.4900,597.9500,89396459
2021-03-04,655.8000,668.4500,600.0000,621.4400,64799898
2021-03-03,687.9900,700.7000,651.7050,653.2000,30207960
2021-03-02,718.2800,721.1100,685.0000,686.4400,23732158
2021-03-01,690.1100,719.0000,685.0500,718.4300,27136239
2021-02-26,700.0000,706.7000,659.5100,675.5000,39767316
2021-02-25,726.1500,737.2066,670.5800,682.2200,38126722
2021-02-24,711.8500,745.0000,694.1700,742.0200,36766950
2021-02-23,662.1300,713.6099,619.0000,698.8400,66606882
2021-02-22,762.6400,768.5000,710.2000,714.5000,36594555
2021-02-19,795.0000,796.7899,777.3700,781.3000,18958255
2021-02-18,780.9000,794.6900,776.2700,787.3800,17957058
2021-02-17,779.0900,799.8400,762.0100,798.1500,25878526
2021-02-16,818.0000,821.0000,792.4400,796.2200,19802324
2021-02-12,801.2600,817.3300,785.3306,816.1200,23768313
2021-02-11,812.4400,829.8799,801.7250,811.6600,21622753
2021-02-10,843.6350,844.8200,800.0200,804.8200,35723444
2021-02-09,855.1200,859.8000,841.7500,849.4600,15027305
2021-02-08,869.6700,877.7700,854.7500,863.4200,20161719
2021-02-05,845.0000,864.7700,838.9700,852.2300,18566637
2021-02-04,855.0000,856.5000,833.4200,849.9900,15812661
2021-02-03,877.0200,878.0800,853.0646,854.6900,18343510
2021-02-02,844.6800,880.5000,842.2006,872.7900,23998098
2021-02-01,814.2900,842.0000,795.5601,839.8100,25391385
2021-01-29,830.0003,842.4100,780.1000,793.5300,34990754
2021-01-28,820.0000,848.0000,801.0000,835.4300,26378048
2021-01-27,870.3500,891.5000,858.6600,864.1600,27333955
2021-01-26,891.3800,895.9000,871.6000,883.0900,23131603
2021-01-25,855.0000,900.4000,838.8201,880.8000,41173397
2021-01-22,834.3100,848.0000,828.6200,846.6400,20066497
2021-01-21,855.0000,855.7199,841.4201,844.9900,20598133
2021-01-20,858.7400,859.5000,837.2800,850.4500,25665883
2021-01-19,837.8000,850.0000,833.0000,844.5500,25366980
2021-01-15,852.0000,859.9000,819.1000,826.1600,38777596
2021-01-14,843.3900,863.0000,838.7500,845.0000,31266327
2021-01-13,852.7600,860.4700,832.0000,854.4100,33312496
2021-01-12,831.0000,868.0000,827.3400,849.4400,45985569
2021-01-11,849.4000,854.4300,803.6222,811.1900,59554146
2021-01-08,856.0000,884.4900,838.3900,880.0200,75055528
2021-01-07,777.6300,816.9900,775.2000,816.0400,51498948
2021-01-06,758.4900,774.0000,749.1000,755.9800,44699965
2021-01-05,723.6600,740.8400,719.2000,735.1100,32245165
2021-01-04,719.4600,744.4899,717.1895,729.7700,48638189
2020-12-31,699.9900,718.7200,691.1200,705.6700,49649928
2020-12-30,672.0000,696.6000,668.3603,694.7800,42846021
2020-12-29,661.0000,669.9000,655.0000,665.9900,22910811
2020-12-28,674.5100,681.4000,660.8000,663.6900,31553561
2020-12-24,642.9900,666.0900,641.0000,661.7700,22865568
2020-12-23,632.2000,651.4999,622.5701,645.9800,33172972
2020-12-22,648.0000,649.8800,614.2300,640.3400,51861644
2020-12-21,666.2400,668.5000,646.0700,649.8600,58045264
2020-12-18,668.9000,695.0000,628.5400,695.0000,222126194
2020-12-17,628.1900,658.8200,619.5000,655.9000,56270144
2020-12-16,628.2300,632.5000,605.0000,622.7700,42095813
2020-12-15,643.2800,646.9000,623.8000,633.2500,45223559
2020-12-14,619.0000,642.7499,610.2001,639.8300,52040649
2020-12-11,615.0100,624.0000,596.8000,609.9900,46474974
2020-12-10,574.3700,627.7500,566.3400,627.0700,67083153
2020-12-09,653.6900,654.3200,588.0000,604.4800,71291190
2020-12-08,625.5050,651.2800,618.5000,649.8800,64265029
2020-12-07,604.9197,648.7856,603.0500,641.7600,56309709
2020-12-04,591.0100,599.0400,585.5000,599.0400,29401314
2020-12-03,590.0200,598.9700,582.4300,593.3800,42552003
2020-12-02,556.4400,571.5400,541.2100,568.8200,47775653
2020-12-01,597.5900,597.8500,572.0500,584.7600,39133346
2020-11-30,602.2100,607.8000,554.5100,567.6000,63003052
2020-11-27,581.1600,598.7800,578.4500,585.7600,37561078
2020-11-25,550.0600,574.0000,545.3700,574.0000,48930162
2020-11-24,540.4000,559.9900,526.2000,555.3800,52058771
2020-11-23,503.5000,526.0000,501.7900,521.8500,50260304
2020-11-20,497.9900,502.5000,489.0600,489.6100,32911922
2020-11-19,492.0000,508.6112,487.5700,499.2700,62475346
2020-11-18,448.3500,496.0000,443.5001,486.6400,78044024
2020-11-17,460.1700,462.0000,433.0100,441.6100,61188281
2020-11-16,408.9300,412.4500,404.0868,408.0900,26838635
2020-11-13,410.8500,412.5319,401.6600,408.5000,19830351
2020-11-12,415.0500,423.0000,409.5200,411.7600,19940500
2020-11-11,416.4500,418.6950,410.5800,417.1300,17357722
2020-11-10,420.0900,420.0900,396.0301,410.3600,30284224
2020-11-09,439.5000,452.5000,421.0000,421.2600,34833025
2020-11-06,436.1000,436.5700,424.2800,429.9500,21706014
2020-11-05,428.3000,440.0000,424.0001,438.0900,28414523
2020-11-04,430.6200,435.4000,417.1000,420.9800,32143057
2020-11-03,409.7300,427.7700,406.6900,423.9000,34351715
2020-11-02,394.0000,406.9799,392.3000,400.5100,29021118
2020-10-30,406.8954,407.5915,379.1100,388.0400,42587639
2020-10-29,409.9600,418.0600,406.4600,410.8300,22655308
2020-10-28,416.4800,418.6000,406.0000,406.0200,25451409
2020-10-27,423.7600,430.5000,420.1000,424.6800,22686506
2020-10-26,411.6300,425.7600,410.0000,420.2800,28239161
2020-10-23,421.8400,422.8859,407.3801,420.6300,33716980
2020-10-22,441.9200,445.2300,424.5100,425.7900,39993191
2020-10-21,422.7000,432.9500,421.2500,422.6400,32370461
2020-10-20,431.7500,431.7500,419.0501,421.9400,31656289
2020-10-19,446.2400,447.0000,428.8700,430.8300,36287843
2020-10-16,454.4400,455.9499,438.8500,439.6700,32775879
2020-10-15,450.3100,456.5700,442.5000,448.8800,35672354
2020-10-14,449.7800,465.9000,447.3500,461.3000,48045394
2020-10-13,443.3500,448.8900,436.6000,446.6500,34463665
2020-10-12,442.0000,448.7400,438.5800,442.3000,38791133
2020-10-09,430.1300,434.5899,426.4601,434.0000,28925656
2020-10-08,438.4400,439.0000,425.3000,425.9200,40421116
2020-10-07,419.8700,429.9000,413.8450,425.3000,43127709
2020-10-06,423.7900,428.7799,406.0500,413.9800,49146259
2020-10-05,423.3500,433.6400,419.3300,425.6800,44722786
2020-10-02,421.3900,439.1300,415.0000,415.0900,71430025
2020-10-01,440.7600,448.8800,434.4200,448.1600,50741454
2020-09-30,421.3200,433.9300,420.4700,429.0100,48145566
2020-09-29,416.0000,428.5000,411.6000,419.0700,50341404
2020-09-28,424.6200,428.0800,415.5500,421.2000,49719561
2020-09-25,393.4700,408.7323,391.3000,407.3400,67208459
2020-09-24,363.8000,399.5000,351.3000,387.7900,96561061
2020-09-23,405.1600,412.1500,375.8801,380.3600,95074176
2020-09-22,429.6000,437.7600,417.6001,424.2300,79580795
2020-09-21,453.1300,455.6800,407.0700,449.3900,109476800
2020-09-18,447.9400,451.0000,428.8000,442.1500,86406819
2020-09-17,415.6000,437.7900,408.0001,423.4300,76779163
2020-09-16,439.8700,457.7900,435.3100,441.7600,72546760
2020-09-15,436.5600,461.9400,430.7000,449.7600,97298228
2020-09-14,380.9500,420.0000,373.3000,419.6200,83020608
2020-09-11,381.9400,382.5000,360.5000,372.7200,60717459
2020-09-10,386.2100,398.9900,360.5600,371.3400,84930608
2020-09-09,356.6000,369.0000,341.5100,366.2800,79465769
2020-09-08,356.0000,368.7400,329.8800,330.2100,115465691
2020-09-04,402.8100,428.0000,372.0201,418.3200,110321885
2020-09-03,407.2300,431.8000,402.0000,407.0000,87596086
2020-09-02,478.9900,479.0400,405.1206,447.3700,96176128
2020-09-01,502.1400,502.4900,470.5100,475.0500,90119419
2020-08-31,444.6100,500.1400,440.1100,498.3200,115847020
2020-08-28,2295.1200,2318.4900,2186.5200,2213.4000,20081176
2020-08-27,2180.4600,2295.6000,2142.5000,2238.7500,23693043
2020-08-26,2060.0000,2166.0000,2053.6291,2153.1700,14239382
2020-08-25,1974.8900,2027.9500,1968.0000,2023.3400,10658893
2020-08-24,2126.2750,2129.0000,1927.5200,2014.2000,20063621
2020-08-21,2044.7600,2095.4900,2025.0500,2049.9800,21489559
2020-08-20,1860.6800,2021.9900,1857.0600,2001.8300,20611796
2020-08-19,1865.0000,1911.0000,1841.2100,1878.5300,12205331
2020-08-18,1898.9900,1923.9000,1845.1100,1887.0900,16474491
2020-08-17,1677.0000,1845.8600,1672.8300,1835.6400,20023104
2020-08-14,1664.9900,1668.8000,1626.6400,1650.7100,12577614
2020-08-13,1611.0000,1651.1800,1567.2600,1621.0000,20425308
2020-08-12,1470.0000,1585.0000,1435.0000,1554.7600,21898834
2020-08-11,1396.0000,1420.0000,1365.0000,1374.3900,8625834
2020-08-10,1448.0000,1457.5000,1385.8400,1418.5700,7522264
2020-08-07,1499.5365,1499.7500,1415.0100,1452.7100,8896420
2020-08-06,1490.8300,1517.3100,1477.2600,1489.5800,5992313
2020-08-05,1492.9900,1499.8384,1468.3100,1485.0200,4978015
2020-08-04,1495.0100,1527.4100,1462.0000,1487.0000,8414990
2020-08-03,1449.2000,1509.8101,1444.3844,1485.0000,8809346
2020-07-31,1515.0000,1517.0500,1420.9800,1430.7600,12246960
2020-07-30,1488.0000,1513.2400,1471.0000,1487.4900,7621039
2020-07-29,1501.0000,1534.8100,1487.0000,1499.1100,9426893
2020-07-28,1504.0000,1564.7000,1474.4200,1476.4900,15808700
2020-07-27,1435.0000,1547.9400,1413.0003,1539.6000,16048669
2020-07-24,1416.0100,1465.0000,1366.5401,1417.0000,19396616
2020-07-23,1678.9500,1689.0000,1480.7700,1513.0700,24328504
2020-07-22,1599.0000,1626.4200,1562.0000,1592.3300,14161080
2020-07-21,1639.9300,1675.0000,1558.0000,1568.3600,16029826
2020-07-20,1519.0100,1650.0000,1488.0000,1643.0000,16697299
2020-07-17,1513.4500,1537.5100,1490.0000,1500.8400,9332637
2020-07-16,1477.1600,1531.7100,1466.0000,1500.6400,14300795
2020-07-15,1543.0000,1550.0000,1457.0000,1546.0100,16368690
2020-07-14,1556.0000,1590.0000,1431.0000,1516.8000,23428079
2020-07-13,1659.0000,1794.9900,1471.1100,1497.0600,39003179
2020-07-10,1396.0000,1548.9200,1376.0100,1544.6500,23346353
2020-07-09,1396.9900,1408.5600,1351.2800,1394.2800,11718292
2020-07-08,1405.0000,1417.2600,1311.3400,1365.8800,16330188
2020-07-07,1405.0100,1429.5000,1336.7100,1389.8600,21493301
2020-07-06,1276.6900,1377.7900,1266.0400,1371.5800,20570284
2020-07-02,1221.4800,1228.0000,1185.6000,1208.6600,17250127
2020-07-01,1083.0000,1135.3300,1080.5000,1119.6300,13326897
2020-06-30,1006.5000,1087.6900,1003.7300,1079.8100,16918501
2020-06-29,969.0100,1010.0000,948.5201,1009.3500,9026404
2020-06-26,994.7800,995.0000,954.8700,959.7400,8854908
2020-06-25,954.2700,985.9800,937.1500,985.9800,9254549
2020-06-24,994.1100,1000.8800,953.1400,960.8500,10959593
2020-06-23,998.8800,1012.0000,994.0100,1001.7800,6365271
2020-06-22,999.9500,1008.8800,990.0200,994.3200,6362350
2020-06-19,1012.7800,1015.9700,991.3400,1000.9000,8679749
2020-06-18,1003.0000,1019.2000,994.4700,1003.9600,9751936
2020-06-17,987.7100,1005.0000,982.5700,991.7900,9890800
2020-06-16,1011.8500,1012.8800,962.3900,982.1300,14051078
2020-06-15,917.7900,998.8400,908.5000,990.9000,15697178
2020-06-12,980.0000,987.9800,912.6000,935.2800,16763374
2020-06-11,990.2000,1018.9600,972.0000,972.8400,15916482
2020-06-10,991.8800,1027.4800,982.5000,1025.0500,18563413
2020-06-09,940.0100,954.4400,923.9300,940.6700,11388154
2020-06-08,919.0000,950.0000,909.1600,949.9200,14174727
2020-06-05,877.8400,886.5200,866.2000,885.6600,7811917
2020-06-04,889.8800,895.7500,858.4400,864.3800,8887713
2020-06-03,888.1200,897.9400,880.1000,882.9600,7949469
2020-06-02,894.7000,908.6600,871.0000,881.5600,13565596
2020-06-01,858.0000,899.0000,854.1000,898.1000,15085297
2020-05-29,808.7500,835.0000,804.2100,835.0000,11812489
2020-05-28,813.5100,824.7500,801.6900,805.8100,7275774
2020-05-27,820.8600,827.7100,785.0000,820.2300,11549530
2020-05-26,834.5000,834.6000,815.7100,818.8700,8089736
2020-05-22,822.1700,831.7800,812.0000,816.8800,9987475
2020-05-21,816.0000,832.5000,796.0000,827.6000,12182524
2020-05-20,820.5000,826.0000,811.8000,815.5600,7309271
2020-05-19,815.1700,822.0700,806.0800,808.0100,9636522
2020-05-18,827.7800,834.7200,803.8800,813.6300,11698102
2020-05-15,790.3500,805.0500,786.5500,799.1700,10518428
2020-05-14,780.0000,803.3600,764.0000,803.3300,13682188
2020-05-13,820.8300,826.0000,763.3000,790.9600,19065491
2020-05-12,827.0000,843.2900,808.0000,809.4100,15906905
2020-05-11,790.5100,824.0000,785.0000,811.2900,16519601
2020-05-08,793.7700,824.0000,787.0100,819.4200,16130087
2020-05-07,777.2100,796.4000,772.3500,780.0400,11527686
2020-05-06,776.5000,789.8000,761.1100,782.5800,11123231
2020-05-05,789.7900,798.9200,762.1800,768.2100,16991656
2020-05-04,701.0000,762.0000,698.0000,761.1900,19237090
2020-05-01,755.0000,772.7700,683.0400,701.3200,32531807
2020-04-30,855.1900,869.8200,763.5000,781.8800,28471854
2020-04-29,790.1700,803.2000,783.1600,800.5100,16215982
2020-04-28,795.6400,805.0000,756.6900,769.1200,15221964
2020-04-27,737.6100,799.4900,735.0000,798.7500,20681442
2020-04-24,710.8100,730.7300,698.1800,725.1500,13237612
2020-04-23,727.6000,734.0000,703.1300,705.6300,13236697
2020-04-22,703.9800,734.0000,688.7100,732.1100,14224831
2020-04-21,730.1200,753.3300,673.7900,686.7200,20209093
2020-04-20,732.7000,765.5700,712.2100,746.3600,14746577
2020-04-17,772.2800,774.9500,747.6600,753.8900,13128237
2020-04-16,716.9400,759.4500,706.7200,745.2100,20657862
2020-04-15,742.0000,753.1300,710.0000,729.8300,23577001
2020-04-14,698.9700,741.8800,692.4300,709.8900,30576511
2020-04-13,590.1600,652.0000,580.5300,650.9500,22475421
2020-04-09,562.0900,575.1800,557.1100,573.0000,13650000
2020-04-08,554.2000,557.2100,533.3300,548.8400,12656024
2020-04-07,545.0000,565.0000,532.3400,545.4500,17919784
2020-04-06,511.2000,521.0000,497.9600,516.2400,14901836
2020-04-03,509.5000,515.4900,468.3900,480.0100,22562076
2020-04-02,481.0300,494.2600,446.4000,454.4700,19858427
2020-04-01,504.0000,513.9500,475.1000,481.5600,13353180
2020-03-31,501.2500,542.9600,497.0000,524.0000,17771485
2020-03-30,510.2600,516.6500,491.2300,502.1300,11998067
2020-03-27,505.0000,525.8000,494.0300,514.3600,14377408
2020-03-26,547.3900,560.0000,512.2500,528.1600,17422082
2020-03-25,545.2500,557.0000,511.1100,539.2500,21222745
2020-03-24,477.3000,513.6900,474.0000,505.0000,22895170
2020-03-23,433.6000,442.0000,410.5000,434.2900,16454549
2020-03-20,438.2000,477.0000,425.7900,427.5300,28285502
2020-03-19,374.7000,452.0000,358.4600,427.6400,30195460
2020-03-18,389.0000,404.8600,350.5100,361.2200,23625005
2020-03-17,440.0100,471.8500,396.0000,430.2000,23994580
2020-03-16,469.5000,494.8700,442.1700,445.0700,20489464
2020-03-13,595.0000,607.5700,502.0000,546.6200,22640254
2020-03-12,580.8900,594.5000,546.2500,560.5500,18909052
2020-03-11,640.2000,653.5800,613.0000,634.2300,13413587
2020-03-10,659.4300,668.0000,608.0000,645.3300,15594443
2020-03-09,605.3900,663.0000,605.0000,608.0000,17073740
2020-03-06,690.0000,707.0000,684.2700,703.4800,12662918
2020-03-05,723.7700,745.7500,718.0700,724.5400,10852657
2020-03-04,763.9600,766.5200,724.7300,749.5000,15048977
2020-03-03,805.0000,806.9800,716.1100,745.5100,25784003
2020-03-02,711.2600,743.6900,686.6700,743.6200,20194991
2020-02-28,629.7000,690.5200,611.5200,667.9900,24564171
2020-02-27,730.0000,739.7700,669.0000,679.0000,24277160
2020-02-26,782.5000,813.3100,776.1100,778.8000,14153843
2020-02-25,849.0000,856.6000,787.0000,799.9100,17290481
2020-02-24,839.0000,863.5000,822.2000,833.7900,15192163
2020-02-21,906.9800,913.0600,880.4500,901.0000,14339446
2020-02-20,911.9500,912.0000,859.9400,899.4100,17634893
2020-02-19,923.5000,944.7800,901.0200,917.4200,25422958
2020-02-18,841.6000,860.0000,832.3600,858.4000,16698369
2020-02-14,787.2200,812.9700,785.5000,800.0300,15693711
2020-02-13,741.8400,818.0000,735.0000,804.0000,26289348
2020-02-12,777.8700,789.7500,763.3700,767.2900,12022470
2020-02-11,768.7900,783.5100,758.0000,774.3800,11697473
2020-02-10,800.0000,819.9900,752.4000,771.2800,24689163
2020-02-07,730.5500,769.7500,730.0000,748.0700,17063521
2020-02-06,699.9200,795.8300,687.0000,748.9600,39880752
2020-02-05,823.2600,845.9800,704.1100,734.7000,48423837
2020-02-04,882.9600,968.9900,833.8800,887.0600,60938758
2020-02-03,673.6900,786.1400,673.5200,780.0000,47233495
2020-01-31,640.0000,653.0000,632.5200,650.5700,15719266
2020-01-30,632.4200,650.8800,618.0000,640.8100,29005676
2020-01-29,575.6900,589.8000,567.4300,580.9900,18216672
2020-01-28,568.4900,576.8100,558.0800,566.9000,11788493
2020-01-27,541.9900,564.4400,539.2800,558.0200,13608068
2020-01-24,570.6300,573.8600,554.2600,564.8200,14353600
2020-01-23,564.2500,582.0000,555.6000,572.2000,19651042
2020-01-22,571.8900,594.5000,559.1000,569.5600,31369028
2020-01-21,530.2500,548.5800,528.4100,547.2000,17447270
2020-01-17,507.6100,515.6700,503.1600,510.5000,13629073
2020-01-16,493.7500,514.4600,492.1700,513.4900,21736653
2020-01-15,529.7600,537.8400,516.7900,518.5000,17368831
2020-01-14,544.2600,547.4100,524.9000,537.9200,29061377
2020-01-13,493.5000,525.6300,492.0000,524.8600,26307458
2020-01-10,481.7900,484.9400,473.7000,478.1500,12976832
2020-01-09,497.1000,498.8000,472.8700,481.3400,28463186
2020-01-08,473.7000,498.4900,468.2300,492.1400,31199393
2020-01-07,461.4000,471.6300,453.3600,469.0600,18209138
2020-01-06,440.4700,451.5600,440.0000,451.5400,10157499
2020-01-03,440.5000,454.0000,436.9200,443.0100,17794697
2020-01-02,424.5000,430.7000,421.7100,430.2600,9558386
